"0","# To plot a scatterplot, we need both x and y values.  First define x on a range similar to the input data.  Then, compute the y-values based on the regression formula"
"0",""
"0","df <- tibble("
"0","  x = seq(0, 40, 0.5),"
"0","  y = 1 / (1 + exp(-(beta0 + beta1 * x)))"
"0",")"
"0",""
"0","ggplot(df, aes(x, y)) +"
"0","  geom_line() +"
"0","  expand_limits(y = 0) +"
"0","  labs("
"0","    x = ""# of characters\n(in thousands)"","
"0","    y = ""Probability email is spam"""
"0","  ) +"
"0","  theme_classic()"
