"0","email |>"
"0","  mutate("
"0","    predicted_prob = predict(fit, type = ""response""),"
"0","    spam_factor = fct_recode(spam, ""Not spam"" = ""0"", ""Spam"" = ""1"")"
"0","  ) |>"
"0","  ggplot(aes(x = spam_factor, y = predicted_prob)) +"
"0","  geom_boxplot(outlier.alpha = 0.5) +"
"0","  geom_hline(yintercept = threshold, linetype = ""dashed"", color = ""blue"") +"
"0","  annotate("
"0","    ""rect"","
"0","    xmin = -Inf, xmax = Inf,"
"0","    ymin = threshold, ymax = Inf,"
"0","    fill = ""blue"", alpha = 0.3"
"0","  ) +"
"0","  labs("
"0","    x = ""True spam label"","
"0","    y = ""P(email is spam)"""
"0","  ) +"
"0","  theme_classic()"
