"0","# Evaluate accuracy"
"0","# Training set"
"0","confision_matrix_train <- confusionMatrix("
"0","  # Predicted classes"
"0","  data = predicted_class_train,"
"0","  # Actual classes"
"0","  reference = email_train$spam,"
"0","  # Positive class (is spam) are encoded as 1s"
"0","  positive = ""1"""
"0",")"
"0",""
"0","# Testing set"
"0","confision_matrix_test <- confusionMatrix("
"0","  data = predicted_class_test,"
"0","  reference = email_test$spam,"
"0","  positive = ""1"""
"0",")"
"0",""
"0","# Print sensitivity"
"0","confision_matrix_train$byClass[""Sensitivity""]"
"1","Sensitivity "
"1","
"
"1","  0.8129252 "
"1","
"
"0","confision_matrix_test$byClass[""Sensitivity""]"
"1","Sensitivity "
"1","
"
"1","  0.9041096 "
"1","
"
