{"chunk_definitions":[{"row":32,"row_count":1,"visible":true,"expansion_state":0,"options":{"engine":"r","label":"setup","include":false,"dev":"png"},"document_id":"4EA4C52B","chunk_id":"csetup_chunk","chunk_label":"setup"},{"row":108,"row_count":1,"visible":true,"expansion_state":0,"options":{"engine":"r","label":"unnamed-chunk-77","dev":"png"},"document_id":"4EA4C52B","chunk_id":"cbrpsofg8retj","chunk_label":"unnamed-chunk-1"}],"doc_write_time":1746038898,"working_dir":null,"default_chunk_options":{"echo":true}}