"0","# Predict labels using the model"
"0","# Really, we care about the test dataset performance, but to better see what overfitting looks like, also calculate the training dataset performance"
"0",""
"0","threshold <- 0.1"
"0",""
"0","# Training set"
"0","predicted_prob_train = predict(fit, newdata = email_train, type = ""response"")"
"0","predicted_class_train = as.factor(if_else(predicted_prob_train > threshold, 1, 0))"
"0",""
"0","# Testing set"
"0","predicted_prob_test = predict(fit, newdata = email_test, type = ""response"")"
"0","predicted_class_test = as.factor(if_else(predicted_prob_test > threshold, 1, 0))"
