"0","# write your code here"
"0","predicted_probs1 <- predict(remote_tree1, newdata = stackoverflow_test, type = ""prob"")"
"0","predicted_probs2 <- predict(remote_tree2, newdata = stackoverflow_test, type = ""prob"")"
"0","predicted_probs3 <- predict(remote_tree3, newdata = stackoverflow_test, type = ""prob"")"
"0",""
"0",""
"0","roc_obj1 <- roc(stackoverflow_test$remote, predicted_probs1[, ""Remote""])"
"2","Setting levels: control = Not remote, case = Remote
"
"2","Setting direction: controls < cases
"
"0","roc_obj2 <- roc(stackoverflow_test$remote, predicted_probs2[, ""Remote""])"
"2","Setting levels: control = Not remote, case = Remote
"
"2","Setting direction: controls < cases
"
"0","roc_obj3 <- roc(stackoverflow_test$remote, predicted_probs3[, ""Remote""])"
"2","Setting levels: control = Not remote, case = Remote
"
"2","Setting direction: controls < cases
"
