{"chunk_definitions":[{"row":32,"row_count":1,"visible":true,"expansion_state":0,"options":{"engine":"r","label":"setup","include":false,"dev":"png"},"document_id":null,"chunk_id":"csetup_chunk","chunk_label":"setup"},{"row":37,"row_count":1,"visible":true,"expansion_state":0,"options":[],"document_id":null,"chunk_id":"ccl48hfwarn6s","chunk_label":"unnamed-chunk-1"},{"row":45,"row_count":1,"visible":true,"expansion_state":0,"options":[],"document_id":null,"chunk_id":"chfujbqorvtf5","chunk_label":"unnamed-chunk-2"},{"row":59,"row_count":1,"visible":true,"expansion_state":0,"options":[],"document_id":null,"chunk_id":"cc3t9t6d7c0ab","chunk_label":"unnamed-chunk-3"},{"row":73,"row_count":1,"visible":true,"expansion_state":0,"options":[],"document_id":null,"chunk_id":"cm1fzd2vw29ls","chunk_label":"unnamed-chunk-4"},{"row":83,"row_count":1,"visible":true,"expansion_state":0,"options":[],"document_id":null,"chunk_id":"c7m6bp81aq1hu","chunk_label":"unnamed-chunk-5"},{"row":89,"row_count":1,"visible":true,"expansion_state":0,"options":[],"document_id":null,"chunk_id":"ccz74c0zgb69v","chunk_label":"unnamed-chunk-6"},{"row":101,"row_count":1,"visible":true,"expansion_state":0,"options":[],"document_id":null,"chunk_id":"c5rwhdjyds4ly","chunk_label":"unnamed-chunk-7"},{"row":123,"row_count":1,"visible":true,"expansion_state":0,"options":[],"document_id":null,"chunk_id":"c4x6qsy4xbtxz","chunk_label":"unnamed-chunk-8"},{"row":139,"row_count":1,"visible":true,"expansion_state":0,"options":[],"document_id":null,"chunk_id":"cbfubon8uzzl1","chunk_label":"unnamed-chunk-9"},{"row":146,"row_count":1,"visible":true,"expansion_state":0,"options":[],"document_id":null,"chunk_id":"cz5pf8dlx6052","chunk_label":"unnamed-chunk-10"},{"row":171,"row_count":1,"visible":true,"expansion_state":0,"options":[],"document_id":null,"chunk_id":"capu6o95044wv","chunk_label":"unnamed-chunk-11"},{"row":195,"row_count":1,"visible":true,"expansion_state":0,"options":[],"document_id":null,"chunk_id":"cq4kibo3de1zr","chunk_label":"unnamed-chunk-12"},{"row":204,"row_count":1,"visible":true,"expansion_state":0,"options":[],"document_id":null,"chunk_id":"cb8efirx0048w","chunk_label":"unnamed-chunk-13"},{"row":210,"row_count":1,"visible":true,"expansion_state":0,"options":[],"document_id":null,"chunk_id":"c6xnve6cz0539","chunk_label":"unnamed-chunk-14"},{"row":216,"row_count":1,"visible":true,"expansion_state":0,"options":[],"document_id":null,"chunk_id":"cdbuja4uc33h5","chunk_label":"unnamed-chunk-15"},{"row":221,"row_count":1,"visible":true,"expansion_state":0,"options":[],"document_id":null,"chunk_id":"cqgjwtv5ztm3u","chunk_label":"unnamed-chunk-16"},{"row":242,"row_count":1,"visible":true,"expansion_state":0,"options":[],"document_id":null,"chunk_id":"cy7yfljl2zysf","chunk_label":"unnamed-chunk-17"},{"row":249,"row_count":1,"visible":true,"expansion_state":0,"options":[],"document_id":null,"chunk_id":"c8gjgj3a16y0m","chunk_label":"unnamed-chunk-18"},{"row":268,"row_count":1,"visible":true,"expansion_state":0,"options":[],"document_id":null,"chunk_id":"cdeka4rbnq628","chunk_label":"unnamed-chunk-19"},{"row":294,"row_count":1,"visible":true,"expansion_state":0,"options":[],"document_id":null,"chunk_id":"cyfs5m1v3pab8","chunk_label":"unnamed-chunk-20"},{"row":315,"row_count":1,"visible":true,"expansion_state":0,"options":[],"document_id":null,"chunk_id":"c11xqo2hgmooc","chunk_label":"unnamed-chunk-21"},{"row":332,"row_count":1,"visible":true,"expansion_state":0,"options":[],"document_id":null,"chunk_id":"cpl8qhi2zejhi","chunk_label":"unnamed-chunk-22"},{"row":340,"row_count":1,"visible":true,"expansion_state":0,"options":[],"document_id":null,"chunk_id":"c55to8n50f04w","chunk_label":"unnamed-chunk-23"},{"row":378,"row_count":1,"visible":true,"expansion_state":0,"options":[],"document_id":null,"chunk_id":"cxaff6s5h9yjg","chunk_label":"unnamed-chunk-24"},{"row":388,"row_count":1,"visible":true,"expansion_state":0,"options":[],"document_id":null,"chunk_id":"cm3i9iifxpcbw","chunk_label":"unnamed-chunk-25"},{"row":394,"row_count":1,"visible":true,"expansion_state":0,"options":[],"document_id":null,"chunk_id":"clyz43v4vrl9r","chunk_label":"unnamed-chunk-26"},{"row":416,"row_count":1,"visible":true,"expansion_state":0,"options":[],"document_id":null,"chunk_id":"c12ydbdkslr24","chunk_label":"unnamed-chunk-27"},{"row":434,"row_count":1,"visible":true,"expansion_state":0,"options":[],"document_id":null,"chunk_id":"cwiqgxkeav2l0","chunk_label":"unnamed-chunk-28"},{"row":441,"row_count":1,"visible":true,"expansion_state":0,"options":[],"document_id":null,"chunk_id":"c8bh3fhtbtd23","chunk_label":"unnamed-chunk-29"},{"row":453,"row_count":1,"visible":true,"expansion_state":0,"options":[],"document_id":null,"chunk_id":"c6brc84so9sw7","chunk_label":"unnamed-chunk-30"},{"row":462,"row_count":1,"visible":true,"expansion_state":0,"options":[],"document_id":null,"chunk_id":"c5r42vq6py5nr","chunk_label":"unnamed-chunk-31"},{"row":467,"row_count":1,"visible":true,"expansion_state":0,"options":[],"document_id":null,"chunk_id":"ctgtzje3ohfmt","chunk_label":"unnamed-chunk-32"},{"row":478,"row_count":1,"visible":true,"expansion_state":0,"options":{"engine":"r","label":"unnamed-chunk-35","dev":"png"},"document_id":null,"chunk_id":"cdo4x3jfj6svv","chunk_label":"unnamed-chunk-33"},{"row":485,"row_count":1,"visible":true,"expansion_state":0,"options":[],"document_id":null,"chunk_id":"ccs2nsrbeht64","chunk_label":"unnamed-chunk-34"},{"row":517,"row_count":1,"visible":true,"expansion_state":0,"options":[],"document_id":null,"chunk_id":"c4mc6brho177j","chunk_label":"unnamed-chunk-35"},{"row":521,"row_count":1,"visible":true,"expansion_state":0,"options":[],"document_id":null,"chunk_id":"crsjzehgjrzsd","chunk_label":"unnamed-chunk-36"},{"row":530,"row_count":1,"visible":true,"expansion_state":0,"options":[],"document_id":null,"chunk_id":"c7b1oqykckt9z","chunk_label":"unnamed-chunk-37"}],"doc_write_time":1744997589,"working_dir":null,"default_chunk_options":{},"chunk_rendered_width":565}