"0","# write your code here"
"0","rf_model <- randomForest(remote ~ ., data = stackoverflow_train)"
"0",""
"0","remote_tree1 <- rpart("
"0","  remote ~ salary,"
"0","  data = stackoverflow_train,"
"0","  method = ""class"""
"0","  )"
"0",""
"0","remote_tree2 <- rpart("
"0","  remote ~ company_size_number_cat,"
"0","  data = stackoverflow_train,"
"0","  method = ""class"""
"0","  )"
"0",""
"0","remote_tree3 <- rpart("
"0","  remote ~ salary + company_size_number_cat, "
"0","  data = stackoverflow_train,"
"0","  method = ""class"""
"0","  )"
