{"working_dir":null,"default_chunk_options":{},"chunk_definitions":[{"row":38,"row_count":1,"visible":true,"expansion_state":0,"options":{"engine":"r","label":"setup","warning":false,"message":false,"include":false,"dev":"png"},"document_id":"CC132D01","chunk_id":"csetup_chunk","chunk_label":"setup"},{"row":52,"row_count":1,"visible":true,"expansion_state":0,"options":{"engine":"r","label":"unnamed-chunk-20","dev":"png"},"document_id":"CC132D01","chunk_id":"c0jxtl0c0muvd","chunk_label":"unnamed-chunk-1"},{"row":69,"row_count":1,"visible":true,"expansion_state":0,"options":{"engine":"r","label":"unnamed-chunk-21","dev":"png"},"document_id":"CC132D01","chunk_id":"cqtvgpo8yzubq","chunk_label":"unnamed-chunk-2"},{"row":106,"row_count":1,"visible":true,"expansion_state":0,"options":{"engine":"r","label":"unnamed-chunk-22","dev":"png"},"document_id":"CC132D01","chunk_id":"cilz2ql6zux7z","chunk_label":"unnamed-chunk-3"},{"row":136,"row_count":1,"visible":true,"expansion_state":0,"options":{"engine":"r","label":"unnamed-chunk-23","dev":"png"},"document_id":"CC132D01","chunk_id":"c0hxi2lku161o","chunk_label":"unnamed-chunk-4"},{"row":172,"row_count":1,"visible":true,"expansion_state":0,"options":{"engine":"r","label":"unnamed-chunk-24","dev":"png"},"document_id":"CC132D01","chunk_id":"ce0y28ketmc0u","chunk_label":"unnamed-chunk-5"},{"row":208,"row_count":1,"visible":true,"expansion_state":0,"options":{"engine":"r","label":"unnamed-chunk-25","dev":"png"},"document_id":"CC132D01","chunk_id":"ciyxgucp2valv","chunk_label":"unnamed-chunk-6"},{"row":242,"row_count":1,"visible":true,"expansion_state":0,"options":{"engine":"r","label":"unnamed-chunk-26","dev":"png"},"document_id":"CC132D01","chunk_id":"c0dxfnrdiew8o","chunk_label":"unnamed-chunk-7"},{"row":277,"row_count":1,"visible":true,"expansion_state":0,"options":{"engine":"r","label":"unnamed-chunk-27","dev":"png"},"document_id":"CC132D01","chunk_id":"c2ikvw0wu951j","chunk_label":"unnamed-chunk-8"},{"row":311,"row_count":1,"visible":true,"expansion_state":0,"options":{"engine":"r","fig.width":9,"label":"unnamed-chunk-28","dev":"png"},"document_id":"CC132D01","chunk_id":"cnhyx3i9mqaji","chunk_label":"unnamed-chunk-9"},{"row":336,"row_count":1,"visible":true,"expansion_state":0,"options":{"engine":"r","label":"unnamed-chunk-74","dev":"png"},"document_id":"CC132D01","chunk_id":"cpo65tj43cwkr","chunk_label":"unnamed-chunk-10"},{"row":378,"row_count":1,"visible":true,"expansion_state":0,"options":{"engine":"r","label":"fig.width","dev":"png"},"document_id":"CC132D01","chunk_id":"cswka0rflscoc","chunk_label":"fig.width"},{"row":397,"row_count":1,"visible":true,"expansion_state":0,"options":{},"document_id":"CC132D01","chunk_id":"cfbrr6yy7tbjx","chunk_label":"unnamed-chunk-11"},{"row":413,"row_count":1,"visible":true,"expansion_state":0,"options":{"engine":"r","label":"unnamed-chunk-73","dev":"png"},"document_id":"CC132D01","chunk_id":"cxwxtxyhn7a00","chunk_label":"unnamed-chunk-12"},{"row":434,"row_count":1,"visible":true,"expansion_state":0,"options":{},"document_id":"CC132D01","chunk_id":"c2yjvq4n414r1","chunk_label":"unnamed-chunk-13"},{"row":461,"row_count":1,"visible":true,"expansion_state":0,"options":{},"document_id":"CC132D01","chunk_id":"cygd8qpn00kmm","chunk_label":"unnamed-chunk-14"},{"row":474,"row_count":1,"visible":true,"expansion_state":0,"options":{},"document_id":"CC132D01","chunk_id":"cedv6uz2s5fen","chunk_label":"unnamed-chunk-15"}],"doc_write_time":1745636823,"chunk_rendered_width":565}