"0","#Importing the data"
"0","chess <- readr::read_csv('https://raw.githubusercontent.com/rfordatascience/tidytuesday/main/data/2024/2024-10-01/chess.csv')"
"2","[1mRows: [22m[34m20058[39m [1mColumns: [22m[34m16[39m"
"2","[36m──[39m [1mColumn specification[22m [36m───────────────────────────────────────────────────[39m
[1mDelimiter:[22m "",""
[31mchr[39m (9): game_id, victory_status, winner, time_increment, white_id, bla...
[32mdbl[39m (6): start_time, end_time, turns, white_rating, black_rating, openi...
[33mlgl[39m (1): rated"
"2","
[36mℹ[39m Use `spec()` to retrieve the full column specification for this data.
[36mℹ[39m Specify the column types or set `show_col_types = FALSE` to quiet this message."
"0","glimpse(chess)"
"1","Rows: 20,058"
"1",""
"1","
"
"1","Columns: 16"
"1",""
"1","
"
"1","$ game_id        [3m[38;5;246m<chr>[39m[23m ""TZJHLljE"", ""l1NXvwaE"", ""mIICvQHh"", ""kWKvrqYL"", ""9…
$ rated          [3m[38;5;246m<lgl>[39m[23m FALSE, TRUE, TRUE, TRUE, TRUE, FALSE, TRUE, FALSE,…
$ start_time     [3m[38;5;246m<dbl>[39m[23m 1.50421e+12, 1.50413e+12, 1.50413e+12, 1.50411e+12…
$ end_time       [3m[38;5;246m<dbl>[39m[23m 1.50421e+12, 1.50413e+12, 1.50413e+12, 1.50411e+12…
$ turns          [3m[38;5;246m<dbl>[39m[23m 13, 16, 61, 61, 95, 5, 33, 9, 66, 119, 39, 38, 60,…
$ victory_status [3m[38;5;246m<chr>[39m[23m ""outoftime"", ""resign"", ""mate"", ""mate"", ""mate"", ""dr…
$ winner         [3m[38;5;246m<chr>[39m[23m ""white"", ""black"", ""white"", ""white"", ""white"", ""draw…
$ time_increment [3m[38;5;246m<chr>[39m[23m ""15+2"", ""5+10"", ""5+10"", ""20+0"", ""30+3"", ""10+0"", ""1…
$ white_id       [3m[38;5;246m<chr>[39m[23m ""bourgris"", ""a-00"", ""ischia"", ""daniamurashov"", ""ni…
$ white_rating   [3m[38;5;246m<dbl>[39m[23m 1500, 1322, 1496, 1439, 1523, 1250, 1520, 1413, 14…
$ black_id       [3m[38;5;246m<chr>[39m[23m ""a-00"", ""skinnerua"", ""a-00"", ""adivanov2009"", ""adiv…
$ black_rating   [3m[38;5;246m<dbl>[39m[23m 1191, 1261, 1500, 1454, 1469, 1002, 1423, 2108, 13…
$ moves          [3m[38;5;246m<chr>[39m[23m ""d4 d5 c4 c6 cxd5 e6 dxe6 fxe6 Nf3 Bb4+ Nc3 Ba5 Bf…
$ opening_eco    [3m[38;5;246m<chr>[39m[23m ""D10"", ""B00"", ""C20"", ""D02"", ""C41"", ""B27"", ""D00"", ""…
$ opening_name   [3m[38;5;246m<chr>[39m[23m ""Slav Defense: Exchange Variation"", ""Nimzowitsch D…
$ opening_ply    [3m[38;5;246m<dbl>[39m[23m 5, 4, 3, 3, 5, 4, 10, 5, 6, 4, 1, 9, 3, 2, 8, 7, 8…"
"1",""
"1","
"
