"0","# Create a vector of **row indices** for the training set"
"0","# Here, we'll use 80% of the data for training"
"0","# list = FALSE means the function will return a matrix rather than a list"
"0","train_indexes <- as.vector(createDataPartition(email$spam, p = 0.8, list = FALSE))"
"0",""
"0","# Create training and testing data sets"
"0","# Since createDataPartition returns the row indexes, use slice to get the rows that have these indexes"
"0","email_train <- slice(email, train_indexes)"
"0","email_test <- slice(email, -train_indexes)"
"0",""
"0","# Confirm the data subsets have the correct dimensions"
"0","dim(email)"
"1","[1]"
"1"," 3921"
"1","   21"
"1","
"
"0","dim(email_train)"
"1","[1]"
"1"," 3138"
"1","   21"
"1","
"
"0","dim(email_test)"
"1","[1]"
"1"," 783"
"1","  21"
"1","
"
